Workbook

Sheet ⚙ Configuración
B1: 🏃 Configuración del Sprint
B2: Completa estos datos antes de comenzar el sprint
B3: 📋 Datos del Sprint
B4: Nombre del proyecto | C4: PubTube
B5: Número de sprint | C5: 2
B6: Equipo / Módulo | C6: Equipo B — M2 Pub/Sub
B7: Fecha de inicio | C7: 46286
B8: Fecha de cierre (Review) | C8: 46303
B9: Duración (sesiones Lun/Jue) | C9: 6
B10: Story Points comprometidos (sprint) | C10: 29
B11: Story Points comprometidos (total) | C11: ='📋 Sprint Backlog'!F28 -> 76
B12: Velocidad sprint anterior | C12: 16
B13: Número de integrantes | C13: 5
B14: 🎯 Definition of Done (DoD)
B15: ✔ Código revisado por al menos un par (Code Review)
B16: ✔ Pruebas unitarias/integración escritas y pasando (cobertura ≥ 70%)
B17: ✔ Contrato actualizado (OpenAPI + catálogo de eventos) si cambió una interfaz
B18: ✔ Sin errores críticos en la integración con otros módulos
B19: ✔ Desplegable con docker compose y demostrable en el Review
B20: 📌 Notas del Sprint
B21: Escribe aquí los acuerdos e impedimentos del Sprint Planning...

Sheet 📋 Sprint Backlog
B1: 📋 Sprint Backlog
B2: Historias de usuario correspondientes al sprint 1
B3: ID | C3: User Story / Tarea | D3: Spring a Trabajar | E3: Responsable | F3: SP Estimados | G3: SP Completados | H3: Estado | I3: Prioridad
B4: US-B1a | C4: Exchange de eventos operativo | D4: 1 | E4: Carlos - Ángel - Adolfo - Eduardo | F4: 5 | G4: 5 | H4: Done | I4: Alta
B5: US-B1b | C5: libreria cliente de publicacion/suscripcion | D5: 1 | E5: Ángel | F5: 3 | G5: =IF(H5="Done",F5,"") -> 3 | H5: Done | I5: Alta
B6: US-B2a | C6: Envelope: esquema y validación | D6: 1 | E6: Carlos - Eduardo | F6: 3 | G6: =IF(H6="Done",F6,"") -> 3 | H6: Done | I6: Alta
B7: US-B2b | C7: Propagación correlationId/causationId | D7: 1 | E7: Carlos | F7: 2 | G7: =IF(H7="Done",F7,"") -> 2 | H7: Done | I7: Medio
B8: US-B3a | C8: Reintentos con backoff exponencial | D8: 2 | E8: Ignacio | F8: 5 | G8: =IF(H8="Done",F8,"") -> 5 | H8: Done | I8: Alta
B9: US-B3b | C9: Dead-letter queue observable y reprocesable | D9: 2 | E9: Ignacio | F9: 3 | G9: =IF(H9="Done",F9,"") -> 3 | H9: Done | I9: Alta
B10: US-B4a | C10: Persistencia y control de concurrencia de idempotencia | D10: 2 | E10: Ángel | F10: 3 | G10: =IF(H10="Done",F10,"") -> 3 | H10: Done | I10: Alta
B11: US-B4b | C11: Wrapper reutilizable, consumidor de prueba y documentación | D11: 2 | E11: Ángel | F11: 2 | G11: =IF(H11="Done",F11,"") -> 2 | H11: Done | I11: Alta
B12: US-B5a | C12: Outbox: persistencia transaccional del evento | D12: 3 | F12: 5 | G12: =IF(H12="Done",F12,"") | H12: To Do | I12: Medio
B13: US-B5b | C13: Relay de publicación del outbox | D13: 3 | F13: 3 | G13: =IF(H13="Done",F13,"") | H13: To Do | I13: Medio
B14: US-B6a | C14: Persistencia de eventos en el event store | D14: 2 | E14: Eduardo | F14: 3 | G14: =IF(H14="Done",F14,"") -> 3 | H14: Done | I14: Alta
B15: US-B6b | C15: Consulta de trazabilidad por correlationId | D15: 2 | E15: Ignacio | F15: 3 | G15: =IF(H15="Done",F15,"") -> 3 | H15: Done | I15: Alta
B16: US-B7a | C16: Orquestación del flujo feliz de la saga | D16: 3 | F16: 5 | G16: =IF(H16="Done",F16,"") | H16: To Do | I16: Medio
B17: US-B7b | C17: Compensaciones y timeouts de la saga | D17: 3 | F17: 3 | G17: =IF(H17="Done",F17,"") | H17: To Do | I17: Medio
B18: US-B8a | C18: (Strech) Exportador de Métricas a Prometheus | D18: 3 y 4 | F18: 3 | G18: =IF(H18="Done",F18,"") | H18: To Do | I18: Baja
B19: US-B8b | C19: (Strech) Tableros de Observabilidad y Alertas | D19: 3 y 4 | F19: 2 | G19: =IF(H19="Done",F19,"") | H19: To Do | I19: Baja
B20: US-B9a | C20: (Strech) Implementación de Schema Registry Centralizado | D20: 3 y 4 | F20: 5 | G20: =IF(H20="Done",F20,"") | H20: To Do | I20: Baja
B21: US-B9b | C21: (Strech) Soporte para Evolución y Compatibilidad de Esquemas | D21: 3 y 4 | F21: 3 | G21: =IF(H21="Done",F21,"") | H21: To Do | I21: Baja
B22: US-X1a | C22: Pipeline de CI Base: Linting y Pruebas automatizadas | D22: 2 | E22: Adolfo | F22: 3 | G22: =IF(H22="Done",F22,"") -> 3 | H22: Done | I22: Alta
B23: US-X1b | C23: Pipeline de CI: Construcción y Protección de ramas | D23: 2 | E23: Adolfo - Carlos | F23: 2 | G23: =IF(H23="Done",F23,"") -> 2 | H23: Done | I23: Alta
B24: US-X2a | C24: Dockerfiles y configuración por entorno | D24: 2 | E24: Adolfo | F24: 2 | G24: =IF(H24="Done",F24,"") -> 2 | H24: Done | I24: Alta
B25: US-X2b | C25: Orquestación global y persistencia con Docker Compose | D25: 2 | E25: Adolfo - Carlos - Eduardo | F25: 3 | G25: =IF(H25="Done",F25,"") -> 3 | H25: Done | I25: Alta
B26: US-X3a | C26: Generación de Documentación OpenAPI | D26: 3 | F26: 2 | G26: =IF(H26="Done",F26,"") | H26: To Do | I26: Medio
B27: US-X3b | C27: Automatización de Pruebas de Contrato en CI | D27: 3 | F27: 3 | G27: =IF(H27="Done",F27,"") | H27: To Do | I27: Medio
B28: TOTAL SP DEL SPRINT | F28: =SUM(F4:F27) -> 76 | G28: =SUM(G4:G27) -> 42 | H28: =IFERROR(G28/F28,0) -> 0.55263158

Sheet 📉 Burndown 1
B1: 📉 Burndown Chart — Seguimiento por Sesión (Lun/Jue)
B2: Actualiza 'SP Completados Hoy' al final de cada Daily (lunes y jueves).
B3: Sesión | C3: Spring | D3: Fecha | E3: SP Restantes (Ideal) | F3: SP Completados Hoy | G3: SP Acumulados | H3: SP Restantes (Real) | I3: Separador Sprint | J3: SP ideal (escalas) | K3: SP por sprint | L3: SP por sprint (reversa)
B4: 1 | C4: 1 | D4: 46265 | E4: =IF($B4>=25, 0, '⚙ Configuración'!$C$11 * (25 - $B4) / 24) -> 76 | G4: =SUM($F$4:F4) -> 0 | H4: ='⚙ Configuración'!$C$11-G4 -> 76 | J4: =IF($B4>=25, '⚙ Configuración'!$C$11, '⚙ Configuración'!$C$11 * ($B4 - 1) / 24) -> 0 | K4: 0 | L4: 76
B5: 2 | C5: 1 | D5: 46268 | E5: =IF($B5>=25, 0, '⚙ Configuración'!$C$11 * (25 - $B5) / 24) -> 72.833333 | G5: =SUM($F$4:F5) -> 0 | H5: ='⚙ Configuración'!$C$11-G5 -> 76 | J5: =IF($B5>=25, '⚙ Configuración'!$C$11, '⚙ Configuración'!$C$11 * ($B5 - 1) / 24) -> 3.1666667
B6: 3 | C6: 1 | D6: 46272 | E6: =IF($B6>=25, 0, '⚙ Configuración'!$C$11 * (25 - $B6) / 24) -> 69.666667 | F6: =5 -> 5 | G6: =SUM($F$4:F6) -> 5 | H6: ='⚙ Configuración'!$C$11-G6 -> 71 | J6: =IF($B6>=25, '⚙ Configuración'!$C$11, '⚙ Configuración'!$C$11 * ($B6 - 1) / 24) -> 6.3333333
B7: 4 | C7: 1 | D7: 46275 | E7: =IF($B7>=25, 0, '⚙ Configuración'!$C$11 * (25 - $B7) / 24) -> 66.5 | F7: =3+3+2+3 -> 11 | G7: =SUM($F$4:F7) -> 16 | H7: ='⚙ Configuración'!$C$11-G7 -> 60 | J7: =IF($B7>=25, '⚙ Configuración'!$C$11, '⚙ Configuración'!$C$11 * ($B7 - 1) / 24) -> 9.5 | M7: Nota: la planificacion fue hecha para ser presentada el dia 10/09, por lo que los SP fueron hechos en base a eso.
B8: 5 | C8: 1 | D8: 46279 | E8: =IF($B8>=25, 0, '⚙ Configuración'!$C$11 * (25 - $B8) / 24) -> 63.333333 | G8: =SUM($F$4:F8) -> 16 | H8: ='⚙ Configuración'!$C$11-G8 -> 60 | J8: =IF($B8>=25, '⚙ Configuración'!$C$11, '⚙ Configuración'!$C$11 * ($B8 - 1) / 24) -> 12.666667 | M8: *Receso universitario
B9: 6 | C9: 1 | D9: 46282 | E9: =IF($B9>=25, 0, '⚙ Configuración'!$C$11 * (25 - $B9) / 24) -> 60.166667 | G9: =SUM($F$4:F9) -> 16 | H9: ='⚙ Configuración'!$C$11-G9 -> 60 | I9: ='⚙ Configuración'!$C$11 -> 76 | J9: =IF($B9>=25, '⚙ Configuración'!$C$11, '⚙ Configuración'!$C$11 * ($B9 - 1) / 24) -> 15.833333 | K9: 13 | L9: 63 | M9: *Receso universitario
B10: 7 | C10: 2 | D10: 46286 | E10: =IF($B10>=25, 0, '⚙ Configuración'!$C$11 * (25 - $B10) / 24) -> 57 | G10: =SUM($F$4:F10) -> 16 | H10: ='⚙ Configuración'!$C$11-G10 -> 60 | J10: =IF($B10>=25, '⚙ Configuración'!$C$11, '⚙ Configuración'!$C$11 * ($B10 - 1) / 24) -> 19
B11: 8 | C11: 2 | D11: 46289 | E11: =IF($B11>=25, 0, '⚙ Configuración'!$C$11 * (25 - $B11) / 24) -> 53.833333 | G11: =SUM($F$4:F11) -> 16 | H11: ='⚙ Configuración'!$C$11-G11 -> 60 | J11: =IF($B11>=25, '⚙ Configuración'!$C$11, '⚙ Configuración'!$C$11 * ($B11 - 1) / 24) -> 22.166667
B12: 9 | C12: 2 | D12: 46293 | E12: =IF($B12>=25, 0, '⚙ Configuración'!$C$11 * (25 - $B12) / 24) -> 50.666667 | G12: =SUM($F$4:F12) -> 16 | H12: ='⚙ Configuración'!$C$11-G12 -> 60 | J12: =IF($B12>=25, '⚙ Configuración'!$C$11, '⚙ Configuración'!$C$11 * ($B12 - 1) / 24) -> 25.333333
B13: 10 | C13: 2 | D13: 46296 | E13: =IF($B13>=25, 0, '⚙ Configuración'!$C$11 * (25 - $B13) / 24) -> 47.5 | G13: =SUM($F$4:F13) -> 16 | H13: ='⚙ Configuración'!$C$11-G13 -> 60 | J13: =IF($B13>=25, '⚙ Configuración'!$C$11, '⚙ Configuración'!$C$11 * ($B13 - 1) / 24) -> 28.5
B14: 11 | C14: 2 | D14: 46300 | E14: =IF($B14>=25, 0, '⚙ Configuración'!$C$11 * (25 - $B14) / 24) -> 44.333333 | G14: =SUM($F$4:F14) -> 16 | H14: ='⚙ Configuración'!$C$11-G14 -> 60 | J14: =IF($B14>=25, '⚙ Configuración'!$C$11, '⚙ Configuración'!$C$11 * ($B14 - 1) / 24) -> 31.666667
B15: 12 | C15: 2 | D15: 46303 | E15: =IF($B15>=25, 0, '⚙ Configuración'!$C$11 * (25 - $B15) / 24) -> 41.166667 | G15: =SUM($F$4:F15) -> 16 | H15: ='⚙ Configuración'!$C$11-G15 -> 60 | I15: ='⚙ Configuración'!$C$11 -> 76 | J15: =IF($B15>=25, '⚙ Configuración'!$C$11, '⚙ Configuración'!$C$11 * ($B15 - 1) / 24) -> 34.833333 | K15: 42 | L15: 42
B16: 13 | C16: 3 | D16: 46307 | E16: =IF($B16>=25, 0, '⚙ Configuración'!$C$11 * (25 - $B16) / 24) -> 38 | G16: =SUM($F$4:F16) -> 16 | H16: ='⚙ Configuración'!$C$11-G16 -> 60 | J16: =IF($B16>=25, '⚙ Configuración'!$C$11, '⚙ Configuración'!$C$11 * ($B16 - 1) / 24) -> 38
B17: 14 | C17: 3 | D17: 46310 | E17: =IF($B17>=25, 0, '⚙ Configuración'!$C$11 * (25 - $B17) / 24) -> 34.833333 | G17: =SUM($F$4:F17) -> 16 | H17: ='⚙ Configuración'!$C$11-G17 -> 60 | J17: =IF($B17>=25, '⚙ Configuración'!$C$11, '⚙ Configuración'!$C$11 * ($B17 - 1) / 24) -> 41.166667
B18: 15 | C18: 3 | D18: 46314 | E18: =IF($B18>=25, 0, '⚙ Configuración'!$C$11 * (25 - $B18) / 24) -> 31.666667 | G18: =SUM($F$4:F18) -> 16 | H18: ='⚙ Configuración'!$C$11-G18 -> 60 | J18: =IF($B18>=25, '⚙ Configuración'!$C$11, '⚙ Configuración'!$C$11 * ($B18 - 1) / 24) -> 44.333333
B19: 16 | C19: 3 | D19: 46317 | E19: =IF($B19>=25, 0, '⚙ Configuración'!$C$11 * (25 - $B19) / 24) -> 28.5 | G19: =SUM($F$4:F19) -> 16 | H19: ='⚙ Configuración'!$C$11-G19 -> 60 | J19: =IF($B19>=25, '⚙ Configuración'!$C$11, '⚙ Configuración'!$C$11 * ($B19 - 1) / 24) -> 47.5
B20: 17 | C20: 3 | D20: 46321 | E20: =IF($B20>=25, 0, '⚙ Configuración'!$C$11 * (25 - $B20) / 24) -> 25.333333 | G20: =SUM($F$4:F20) -> 16 | H20: ='⚙ Configuración'!$C$11-G20 -> 60 | J20: =IF($B20>=25, '⚙ Configuración'!$C$11, '⚙ Configuración'!$C$11 * ($B20 - 1) / 24) -> 50.666667
B21: 18 | C21: 3 | D21: 46324 | E21: =IF($B21>=25, 0, '⚙ Configuración'!$C$11 * (25 - $B21) / 24) -> 22.166667 | G21: =SUM($F$4:F21) -> 16 | H21: ='⚙ Configuración'!$C$11-G21 -> 60 | I21: ='⚙ Configuración'!$C$11 -> 76 | J21: =IF($B21>=25, '⚙ Configuración'!$C$11, '⚙ Configuración'!$C$11 * ($B21 - 1) / 24) -> 53.833333 | K21: 63 | L21: 13
B22: 19 | C22: 4 | D22: 46328 | E22: =IF($B22>=25, 0, '⚙ Configuración'!$C$11 * (25 - $B22) / 24) -> 19 | G22: =SUM($F$4:F22) -> 16 | H22: ='⚙ Configuración'!$C$11-G22 -> 60 | J22: =IF($B22>=25, '⚙ Configuración'!$C$11, '⚙ Configuración'!$C$11 * ($B22 - 1) / 24) -> 57
B23: 20 | C23: 4 | D23: 46331 | E23: =IF($B23>=25, 0, '⚙ Configuración'!$C$11 * (25 - $B23) / 24) -> 15.833333 | G23: =SUM($F$4:F23) -> 16 | H23: ='⚙ Configuración'!$C$11-G23 -> 60 | J23: =IF($B23>=25, '⚙ Configuración'!$C$11, '⚙ Configuración'!$C$11 * ($B23 - 1) / 24) -> 60.166667
B24: 21 | C24: 4 | D24: 46335 | E24: =IF($B24>=25, 0, '⚙ Configuración'!$C$11 * (25 - $B24) / 24) -> 12.666667 | G24: =SUM($F$4:F24) -> 16 | H24: ='⚙ Configuración'!$C$11-G24 -> 60 | J24: =IF($B24>=25, '⚙ Configuración'!$C$11, '⚙ Configuración'!$C$11 * ($B24 - 1) / 24) -> 63.333333
B25: 22 | C25: 4 | D25: 46338 | E25: =IF($B25>=25, 0, '⚙ Configuración'!$C$11 * (25 - $B25) / 24) -> 9.5 | G25: =SUM($F$4:F25) -> 16 | H25: ='⚙ Configuración'!$C$11-G25 -> 60 | J25: =IF($B25>=25, '⚙ Configuración'!$C$11, '⚙ Configuración'!$C$11 * ($B25 - 1) / 24) -> 66.5
B26: 23 | C26: 4 | D26: 46335 | E26: =IF($B26>=25, 0, '⚙ Configuración'!$C$11 * (25 - $B26) / 24) -> 6.3333333 | G26: =SUM($F$4:F26) -> 16 | H26: ='⚙ Configuración'!$C$11-G26 -> 60 | J26: =IF($B26>=25, '⚙ Configuración'!$C$11, '⚙ Configuración'!$C$11 * ($B26 - 1) / 24) -> 69.666667
B27: 24 | C27: 4 | D27: 46342 | E27: =IF($B27>=25, 0, '⚙ Configuración'!$C$11 * (25 - $B27) / 24) -> 3.1666667 | G27: =SUM($F$4:F27) -> 16 | H27: ='⚙ Configuración'!$C$11-G27 -> 60 | J27: =IF($B27>=25, '⚙ Configuración'!$C$11, '⚙ Configuración'!$C$11 * ($B27 - 1) / 24) -> 72.833333
B28: 25 | C28: 4 | D28: 46345 | E28: =IF($B28>=25, 0, '⚙ Configuración'!$C$11 * (25 - $B28) / 24) -> 0 | G28: =SUM($F$4:F28) -> 16 | H28: ='⚙ Configuración'!$C$11-G28 -> 60 | I28: ='⚙ Configuración'!$C$11 -> 76 | J28: =IF($B28>=25, '⚙ Configuración'!$C$11, '⚙ Configuración'!$C$11 * ($B28 - 1) / 24) -> 76 | K28: ='⚙ Configuración'!$C$11 -> 76 | L28: 0
B29: 26 | C29: 5 | D29: 46349 | E29: =IF($B29>=25, 0, '⚙ Configuración'!$C$11 * (25 - $B29) / 24) -> 0 | G29: =SUM($F$4:F29) -> 16 | H29: ='⚙ Configuración'!$C$11-G29 -> 60 | J29: =IF($B29>=25, '⚙ Configuración'!$C$11, '⚙ Configuración'!$C$11 * ($B29 - 1) / 24) -> 76
B30: 27 | C30: 5 | D30: 46352 | E30: =IF($B30>=25, 0, '⚙ Configuración'!$C$11 * (25 - $B30) / 24) -> 0 | G30: =SUM($F$4:F30) -> 16 | H30: ='⚙ Configuración'!$C$11-G30 -> 60 | J30: =IF($B30>=25, '⚙ Configuración'!$C$11, '⚙ Configuración'!$C$11 * ($B30 - 1) / 24) -> 76
B31: 28 | C31: 5 | D31: 46356 | E31: =IF($B31>=25, 0, '⚙ Configuración'!$C$11 * (25 - $B31) / 24) -> 0 | G31: =SUM($F$4:F31) -> 16 | H31: ='⚙ Configuración'!$C$11-G31 -> 60 | I31: ='⚙ Configuración'!$C$11 -> 76 | J31: =IF($B31>=25, '⚙ Configuración'!$C$11, '⚙ Configuración'!$C$11 * ($B31 - 1) / 24) -> 76

Sheet 📉 Burndown 2
B1: 📉 Burndown Chart — Seguimiento por Sesión (Lun/Jue)
B2: Actualiza 'SP Completados Hoy' al final de cada Daily (lunes y jueves).
B3: Sesión | C3: Spring | D3: Fecha | E3: SP Restantes (Ideal) | F3: SP Completados Hoy | G3: SP Acumulados | H3: SP Restantes (Real) | I3: Separador Sprint | J3: SP ideal (escalas) | K3: SP por sprint | L3: SP por sprint (reversa)
B4: 1 | C4: 1 | D4: 46265 | E4: =IF($B4>=25, 0, '⚙ Configuración'!$C$11 * (25 - $B4) / 24) -> 76 | G4: =SUM($F$4:F4) -> 0 | H4: ='⚙ Configuración'!$C$11-G4 -> 76 | J4: =IF($B4>=25, '⚙ Configuración'!$C$11, '⚙ Configuración'!$C$11 * ($B4 - 1) / 24) -> 0 | K4: 0 | L4: 76
B5: 2 | C5: 1 | D5: 46268 | E5: =IF($B5>=25, 0, '⚙ Configuración'!$C$11 * (25 - $B5) / 24) -> 72.833333 | G5: =SUM($F$4:F5) -> 0 | H5: ='⚙ Configuración'!$C$11-G5 -> 76 | J5: =IF($B5>=25, '⚙ Configuración'!$C$11, '⚙ Configuración'!$C$11 * ($B5 - 1) / 24) -> 3.1666667
B6: 3 | C6: 1 | D6: 46272 | E6: =IF($B6>=25, 0, '⚙ Configuración'!$C$11 * (25 - $B6) / 24) -> 69.666667 | F6: =5 -> 5 | G6: =SUM($F$4:F6) -> 5 | H6: ='⚙ Configuración'!$C$11-G6 -> 71 | J6: =IF($B6>=25, '⚙ Configuración'!$C$11, '⚙ Configuración'!$C$11 * ($B6 - 1) / 24) -> 6.3333333
B7: 4 | C7: 1 | D7: 46275 | E7: =IF($B7>=25, 0, '⚙ Configuración'!$C$11 * (25 - $B7) / 24) -> 66.5 | F7: =3+3+2+3 -> 11 | G7: =SUM($F$4:F7) -> 16 | H7: ='⚙ Configuración'!$C$11-G7 -> 60 | J7: =IF($B7>=25, '⚙ Configuración'!$C$11, '⚙ Configuración'!$C$11 * ($B7 - 1) / 24) -> 9.5
B8: 5 | C8: 1 | D8: 46279 | E8: =IF($B8>=25, 0, '⚙ Configuración'!$C$11 * (25 - $B8) / 24) -> 63.333333 | G8: =SUM($F$4:F8) -> 16 | H8: ='⚙ Configuración'!$C$11-G8 -> 60 | J8: =IF($B8>=25, '⚙ Configuración'!$C$11, '⚙ Configuración'!$C$11 * ($B8 - 1) / 24) -> 12.666667 | M8: *Receso universitario
B9: 6 | C9: 1 | D9: 46282 | E9: =IF($B9>=25, 0, '⚙ Configuración'!$C$11 * (25 - $B9) / 24) -> 60.166667 | G9: =SUM($F$4:F9) -> 16 | H9: ='⚙ Configuración'!$C$11-G9 -> 60 | I9: ='⚙ Configuración'!$C$11 -> 76 | J9: =IF($B9>=25, '⚙ Configuración'!$C$11, '⚙ Configuración'!$C$11 * ($B9 - 1) / 24) -> 15.833333 | K9: 13 | L9: 63 | M9: *Receso universitario
B10: 7 | C10: 2 | D10: 46286 | E10: =IF($B10>=25, 0, '⚙ Configuración'!$C$11 * (25 - $B10) / 24) -> 57 | G10: =SUM($F$4:F10) -> 16 | H10: ='⚙ Configuración'!$C$11-G10 -> 60 | J10: =IF($B10>=25, '⚙ Configuración'!$C$11, '⚙ Configuración'!$C$11 * ($B10 - 1) / 24) -> 19
B11: 8 | C11: 2 | D11: 46289 | E11: =IF($B11>=25, 0, '⚙ Configuración'!$C$11 * (25 - $B11) / 24) -> 53.833333 | G11: =SUM($F$4:F11) -> 16 | H11: ='⚙ Configuración'!$C$11-G11 -> 60 | J11: =IF($B11>=25, '⚙ Configuración'!$C$11, '⚙ Configuración'!$C$11 * ($B11 - 1) / 24) -> 22.166667
B12: 9 | C12: 2 | D12: 46293 | E12: =IF($B12>=25, 0, '⚙ Configuración'!$C$11 * (25 - $B12) / 24) -> 50.666667 | F12: =3+3+5 -> 11 | G12: =SUM($F$4:F12) -> 27 | H12: ='⚙ Configuración'!$C$11-G12 -> 49 | J12: =IF($B12>=25, '⚙ Configuración'!$C$11, '⚙ Configuración'!$C$11 * ($B12 - 1) / 24) -> 25.333333
B13: 10 | C13: 2 | D13: 46296 | E13: =IF($B13>=25, 0, '⚙ Configuración'!$C$11 * (25 - $B13) / 24) -> 47.5 | G13: =SUM($F$4:F13) -> 27 | H13: ='⚙ Configuración'!$C$11-G13 -> 49 | J13: =IF($B13>=25, '⚙ Configuración'!$C$11, '⚙ Configuración'!$C$11 * ($B13 - 1) / 24) -> 28.5
B14: 11 | C14: 2 | D14: 46300 | E14: =IF($B14>=25, 0, '⚙ Configuración'!$C$11 * (25 - $B14) / 24) -> 44.333333 | F14: =2+3+3 -> 8 | G14: =SUM($F$4:F14) -> 35 | H14: ='⚙ Configuración'!$C$11-G14 -> 41 | J14: =IF($B14>=25, '⚙ Configuración'!$C$11, '⚙ Configuración'!$C$11 * ($B14 - 1) / 24) -> 31.666667
B15: 12 | C15: 2 | D15: 46303 | E15: =IF($B15>=25, 0, '⚙ Configuración'!$C$11 * (25 - $B15) / 24) -> 41.166667 | F15: =3+2+2 -> 7 | G15: =SUM($F$4:F15) -> 42 | H15: ='⚙ Configuración'!$C$11-G15 -> 34 | I15: ='⚙ Configuración'!$C$11 -> 76 | J15: =IF($B15>=25, '⚙ Configuración'!$C$11, '⚙ Configuración'!$C$11 * ($B15 - 1) / 24) -> 34.833333 | K15: 42 | L15: =76-42 -> 34
B16: 13 | C16: 3 | D16: 46307 | E16: =IF($B16>=25, 0, '⚙ Configuración'!$C$11 * (25 - $B16) / 24) -> 38 | G16: =SUM($F$4:F16) -> 42 | H16: ='⚙ Configuración'!$C$11-G16 -> 34 | J16: =IF($B16>=25, '⚙ Configuración'!$C$11, '⚙ Configuración'!$C$11 * ($B16 - 1) / 24) -> 38
B17: 14 | C17: 3 | D17: 46310 | E17: =IF($B17>=25, 0, '⚙ Configuración'!$C$11 * (25 - $B17) / 24) -> 34.833333 | G17: =SUM($F$4:F17) -> 42 | H17: ='⚙ Configuración'!$C$11-G17 -> 34 | J17: =IF($B17>=25, '⚙ Configuración'!$C$11, '⚙ Configuración'!$C$11 * ($B17 - 1) / 24) -> 41.166667
B18: 15 | C18: 3 | D18: 46314 | E18: =IF($B18>=25, 0, '⚙ Configuración'!$C$11 * (25 - $B18) / 24) -> 31.666667 | G18: =SUM($F$4:F18) -> 42 | H18: ='⚙ Configuración'!$C$11-G18 -> 34 | J18: =IF($B18>=25, '⚙ Configuración'!$C$11, '⚙ Configuración'!$C$11 * ($B18 - 1) / 24) -> 44.333333
B19: 16 | C19: 3 | D19: 46317 | E19: =IF($B19>=25, 0, '⚙ Configuración'!$C$11 * (25 - $B19) / 24) -> 28.5 | G19: =SUM($F$4:F19) -> 42 | H19: ='⚙ Configuración'!$C$11-G19 -> 34 | J19: =IF($B19>=25, '⚙ Configuración'!$C$11, '⚙ Configuración'!$C$11 * ($B19 - 1) / 24) -> 47.5
B20: 17 | C20: 3 | D20: 46321 | E20: =IF($B20>=25, 0, '⚙ Configuración'!$C$11 * (25 - $B20) / 24) -> 25.333333 | G20: =SUM($F$4:F20) -> 42 | H20: ='⚙ Configuración'!$C$11-G20 -> 34 | J20: =IF($B20>=25, '⚙ Configuración'!$C$11, '⚙ Configuración'!$C$11 * ($B20 - 1) / 24) -> 50.666667
B21: 18 | C21: 3 | D21: 46324 | E21: =IF($B21>=25, 0, '⚙ Configuración'!$C$11 * (25 - $B21) / 24) -> 22.166667 | G21: =SUM($F$4:F21) -> 42 | H21: ='⚙ Configuración'!$C$11-G21 -> 34 | I21: ='⚙ Configuración'!$C$11 -> 76 | J21: =IF($B21>=25, '⚙ Configuración'!$C$11, '⚙ Configuración'!$C$11 * ($B21 - 1) / 24) -> 53.833333 | K21: 63 | L21: =76-63 -> 13
B22: 19 | C22: 4 | D22: 46328 | E22: =IF($B22>=25, 0, '⚙ Configuración'!$C$11 * (25 - $B22) / 24) -> 19 | G22: =SUM($F$4:F22) -> 42 | H22: ='⚙ Configuración'!$C$11-G22 -> 34 | J22: =IF($B22>=25, '⚙ Configuración'!$C$11, '⚙ Configuración'!$C$11 * ($B22 - 1) / 24) -> 57
B23: 20 | C23: 4 | D23: 46331 | E23: =IF($B23>=25, 0, '⚙ Configuración'!$C$11 * (25 - $B23) / 24) -> 15.833333 | G23: =SUM($F$4:F23) -> 42 | H23: ='⚙ Configuración'!$C$11-G23 -> 34 | J23: =IF($B23>=25, '⚙ Configuración'!$C$11, '⚙ Configuración'!$C$11 * ($B23 - 1) / 24) -> 60.166667
B24: 21 | C24: 4 | D24: 46335 | E24: =IF($B24>=25, 0, '⚙ Configuración'!$C$11 * (25 - $B24) / 24) -> 12.666667 | G24: =SUM($F$4:F24) -> 42 | H24: ='⚙ Configuración'!$C$11-G24 -> 34 | J24: =IF($B24>=25, '⚙ Configuración'!$C$11, '⚙ Configuración'!$C$11 * ($B24 - 1) / 24) -> 63.333333
B25: 22 | C25: 4 | D25: 46338 | E25: =IF($B25>=25, 0, '⚙ Configuración'!$C$11 * (25 - $B25) / 24) -> 9.5 | G25: =SUM($F$4:F25) -> 42 | H25: ='⚙ Configuración'!$C$11-G25 -> 34 | J25: =IF($B25>=25, '⚙ Configuración'!$C$11, '⚙ Configuración'!$C$11 * ($B25 - 1) / 24) -> 66.5
B26: 23 | C26: 4 | D26: 46335 | E26: =IF($B26>=25, 0, '⚙ Configuración'!$C$11 * (25 - $B26) / 24) -> 6.3333333 | G26: =SUM($F$4:F26) -> 42 | H26: ='⚙ Configuración'!$C$11-G26 -> 34 | J26: =IF($B26>=25, '⚙ Configuración'!$C$11, '⚙ Configuración'!$C$11 * ($B26 - 1) / 24) -> 69.666667
B27: 24 | C27: 4 | D27: 46342 | E27: =IF($B27>=25, 0, '⚙ Configuración'!$C$11 * (25 - $B27) / 24) -> 3.1666667 | G27: =SUM($F$4:F27) -> 42 | H27: ='⚙ Configuración'!$C$11-G27 -> 34 | J27: =IF($B27>=25, '⚙ Configuración'!$C$11, '⚙ Configuración'!$C$11 * ($B27 - 1) / 24) -> 72.833333
B28: 25 | C28: 4 | D28: 46345 | E28: =IF($B28>=25, 0, '⚙ Configuración'!$C$11 * (25 - $B28) / 24) -> 0 | G28: =SUM($F$4:F28) -> 42 | H28: ='⚙ Configuración'!$C$11-G28 -> 34 | I28: ='⚙ Configuración'!$C$11 -> 76 | J28: =IF($B28>=25, '⚙ Configuración'!$C$11, '⚙ Configuración'!$C$11 * ($B28 - 1) / 24) -> 76 | K28: ='⚙ Configuración'!$C$11 -> 76 | L28: 0
B29: 26 | C29: 5 | D29: 46349 | E29: =IF($B29>=25, 0, '⚙ Configuración'!$C$11 * (25 - $B29) / 24) -> 0 | G29: =SUM($F$4:F29) -> 42 | H29: ='⚙ Configuración'!$C$11-G29 -> 34 | J29: =IF($B29>=25, '⚙ Configuración'!$C$11, '⚙ Configuración'!$C$11 * ($B29 - 1) / 24) -> 76
B30: 27 | C30: 5 | D30: 46352 | E30: =IF($B30>=25, 0, '⚙ Configuración'!$C$11 * (25 - $B30) / 24) -> 0 | G30: =SUM($F$4:F30) -> 42 | H30: ='⚙ Configuración'!$C$11-G30 -> 34 | J30: =IF($B30>=25, '⚙ Configuración'!$C$11, '⚙ Configuración'!$C$11 * ($B30 - 1) / 24) -> 76
B31: 28 | C31: 5 | D31: 46356 | E31: =IF($B31>=25, 0, '⚙ Configuración'!$C$11 * (25 - $B31) / 24) -> 0 | G31: =SUM($F$4:F31) -> 42 | H31: ='⚙ Configuración'!$C$11-G31 -> 34 | I31: ='⚙ Configuración'!$C$11 -> 76 | J31: =IF($B31>=25, '⚙ Configuración'!$C$11, '⚙ Configuración'!$C$11 * ($B31 - 1) / 24) -> 76
B34: Sprint | C34: SP por sprint | D34: SP acumulado
B35: 1 | C35: 13 | D35: =C35 -> 13
B36: 2 | C36: 29 | D36: =C36+D35 -> 42
B37: 3 | C37: 21 | D37: =C37+D36 -> 63
B38: 4 | C38: 13 | D38: =C38+D37 -> 76

Sheet 📊 Métricas
B1: 📊 Métricas del Sprint
B2: Estas métricas se calculan automáticamente desde el Backlog y la Configuración
B3: 🎯 Progreso del Sprint
B4: SP comprometidos | C4: ='📋 Sprint Backlog'!F28 -> 76 | D4: Total de SP del Sprint Backlog
B5: SP completados | C5: ='📋 Sprint Backlog'!G28 -> 42 | D5: SP en estado Done hasta hoy
B6: SP restantes | C6: ='📋 Sprint Backlog'!F28-'📋 Sprint Backlog'!G28 -> 34 | D6: SP que aún deben completarse
B7: % completado | C7: =IFERROR('📋 Sprint Backlog'!G28/'📋 Sprint Backlog'!F28,0) -> 0.55263158 | D7: Avance real del sprint
B8: Historias Done | C8: =COUNTIF('📋 Sprint Backlog'!H4:H27,"Done") -> 14 | D8: Historias completadas
B9: Historias en progreso | C9: =COUNTIF('📋 Sprint Backlog'!H4:H27,"To Do") -> 10 | D9: En desarrollo activo
B10: ⚡ Velocidad y Predicción
B11: Velocidad sprint actual (real) | C11: 26 | D11: SP completados en este sprint
B12: Velocidad sprint anterior | C12: ='⚙ Configuración'!C12 -> 16 | D12: SP completados en sprint previo
B13: Variación de velocidad | C13: =C11-'⚙ Configuración'!C12 -> 10 | D13: Positivo = mejora respecto al anterior
B14: SP/persona/sprint | C14: =IFERROR(C11/'⚙ Configuración'!C13,0) -> 5.2 | D14: Productividad promedio del equipo
B15: SP/persona/sesión | C15: =IFERROR(C11/('⚙ Configuración'!C13*'⚙ Configuración'!C9),0) -> 0.86666667 | D15: Ritmo por sesión del equipo
B16: 🏥 Salud del Sprint
B17: Sesiones transcurridas | C17: 6 | D17: Actualizar manualmente cada sesión
B18: Sesiones restantes | C18: 0 | D18: Sesiones hasta el Sprint Review
B19: SP/sesión requerido | C19: =IF(C18<=0,"Sprint terminado",('📋 Sprint Backlog'!F28-'📋 Sprint Backlog'!G28)/C18) -> Sprint terminado | D19: Ritmo necesario para completar el sprint
B20: SP/sesión logrado | C20: =IF(C17=0,0,'⚙ Configuración'!C10/C17) -> 4.8333333 | D20: Ritmo real del equipo
B21: Índice de rendimiento (SPI) | C21: =IF(C17=0,1,C20/IFERROR(('⚙ Configuración'!C10/'⚙ Configuración'!C9),1)) -> 1 | D21: SPI >1 = adelantado | SPI <1 = atrasado
B22: Interpretación del SPI (Schedule Performance Index):
B23: SPI > 1.1 | C23: Equipo adelantado — considerar asumir trabajo extra (backlog stretch)
B24: SPI 0.9 – 1.1 | C24: Equipo dentro del ritmo esperado ✓
B25: SPI 0.7 – 0.9 | C25: Leve atraso — revisar impedimentos en la Daily
B26: SPI < 0.7 | C26: Atraso crítico — replanificar el sprint con el PO

Sheet 🔄 Retrospectiva
C1: 🔄 Retrospectiva del Sprint
C2: Retrospectiva del Sprint 2
C3: ✅ KEEP — Lo que funcionó bien
C4: • Todas las funciones solicitadas por las historias de usuario fueron hechas dentro del tiempo establecido
C5: • Hubo mayor cantidad de trabajo, lo cúal vino bien ya que este sprint era más grande que el anterior
C8: ❌ DROP — Lo que hay que dejar de hacer
C9: • la mayoria de los SP se realizaron en las ultimas sesiones del sprint, lo que ajustó el tiempo para probar el gateway
C10: • hubo unas sesiones de retraso para hacer el planning por lo que no hubo mucho avance, ya que habia que reajustar la documentación del sprint 1
C13: 🚀 TRY — Lo que queremos intentar
C14: • redistribuir de mejor manera los SPs de las historias de usuario a lo largo del tiempo
C15: • mejorar la comunicación/coordinación con los demás módulos
C18: 📌 Acciones Concretas para el Próximo Sprint
C19: Acción | D19: Responsable | E19: Fecha límite
C20: planificacion de presentacion final | D20: Product owner | E20: 46324
C21: Desarrollo de funcionalidades en base a historias de usuario | D21: desarrolladores | E21: 46317
C22: verificacion de "Done" para cada historia de usuario | D22: Scrap master | E22: 46321
C23: Contacto "entre modulos" para definir posibles convenciones u integraciones | D23: equipo completo | E23: 46310
