Workbook

Sheet ⚙ Configuración
B1: 🏃 Configuración del Sprint
B2: Completa estos datos antes de comenzar el sprint
B3: 📋 Datos del Sprint
B4: Nombre del proyecto | C4: PubTube
B5: Número de sprint | C5: 1
B6: Equipo / Módulo | C6: Equipo B — M2 Pub/Sub
B7: Fecha de inicio | C7: 46265
B8: Fecha de cierre (Review) | C8: 46282
B9: Duración (sesiones Lun/Jue) | C9: 4
B10: Story Points comprometidos (total) | C10: ='📋 Sprint Backlog'!E16 -> 16
B11: Velocidad sprint anterior | C11: 0
B12: Número de integrantes | C12: 5
B13: 🎯 Definition of Done (DoD)
B14: ✔ Código revisado por al menos un par (Code Review)
B15: ✔ Pruebas unitarias/integración escritas y pasando (cobertura ≥ 70%)
B16: ✔ Contrato actualizado (OpenAPI + catálogo de eventos) si cambió una interfaz
B17: ✔ Sin errores críticos en la integración con otros módulos
B18: ✔ Desplegable con docker compose y demostrable en el Review
B19: 📌 Notas del Sprint
B20: Escribe aquí los acuerdos e impedimentos del Sprint Planning...

Sheet 📋 Sprint Backlog
B1: 📋 Sprint Backlog
B2: Historias de usuario correspondientes al sprint 1
B3: ID | C3: User Story / Tarea | D3: Responsable | E3: SP Estimados | F3: SP Completados | G3: Estado | H3: Prioridad
B4: US-B1a | C4: Exchange de eventos operativo | E4: 5 | F4: 5 | G4: ✅ Done | H4: Alta
B5: US-B6a | C5: Persistencia de eventos en el event store | E5: 3 | F5: 3 | G5: ✅ Done | H5: Alta
B6: US-B2a | C6: Envelope: esquema y validación | E6: 3 | F6: 3 | G6: ✅ Done | H6: Alta
B7: US-B1b | C7: libreria-publicacion-suscripcion | E7: 3 | F7: 3 | G7: ✅ Done | H7: Alta
B8: US-B2b | C8: Propagación correlationId/causationId | E8: 2 | F8: 2 | G8: ✅ Done | H8: Medio
B16: TOTAL SP DEL SPRINT | E16: =SUM(E4:E15) -> 16 | F16: =SUM(F4:F15) -> 16 | G16: =IFERROR(F16/E16,0) -> 1

Sheet 📉 Burndown
B1: 📉 Burndown Chart — Seguimiento por Sesión (Lun/Jue)
B2: Actualiza 'SP Completados Hoy' al final de cada Daily (lunes y jueves).
B3: Sesión | C3: Fecha | D3: SP Restantes (Ideal) | E3: SP Completados Hoy | F3: SP Acumulados | G3: SP Restantes (Real)
B4: 1 | C4: 31/08/26 | D4: ='⚙ Configuración'!$C$10*(6-B4)/5 -> 16 | E4: 3 | F4: =SUM($E$4:E4) -> 3 | G4: ='⚙ Configuración'!$C$10-F4 -> 13 | I4: Nota: este sprint fue apresurado debido a la diferencia de tiempo entre la presentacion del sprint y la fecha de entrega de la documentacion.
B5: 2 | C5: 03/09/26 | D5: ='⚙ Configuración'!$C$10*(6-B5)/5 -> 12.8 | E5: 3 | F5: =SUM($E$4:E5) -> 6 | G5: ='⚙ Configuración'!$C$10-F5 -> 10 | I5: Nota: la planificacion fue hecha para ser presentada el dia 10/09, por lo que los SP fueron hechos en base a eso.
B6: 3 | C6: 07/09/26 | D6: ='⚙ Configuración'!$C$10*(6-B6)/5 -> 9.6 | E6: 4 | F6: =SUM($E$4:E6) -> 10 | G6: ='⚙ Configuración'!$C$10-F6 -> 6
B7: 4 | C7: 10/09/26 | D7: ='⚙ Configuración'!$C$10*(6-B7)/5 -> 6.4 | E7: 6 | F7: =SUM($E$4:E7) -> 16 | G7: ='⚙ Configuración'!$C$10-F7 -> 0
B8: 5 | C8: 14/09/26 | D8: ='⚙ Configuración'!$C$10*(6-B8)/5 -> 3.2 | E8: 0 | F8: =SUM($E$4:E8) -> 16 | G8: ='⚙ Configuración'!$C$10-F8 -> 0
B9: 6 | C9: 17/09/26 | D9: ='⚙ Configuración'!$C$10*(6-B9)/5 -> 0 | E9: 0 | F9: =SUM($E$4:E9) -> 16 | G9: ='⚙ Configuración'!$C$10-F9 -> 0

Sheet 📊 Métricas
B1: 📊 Métricas del Sprint
B2: Estas métricas se calculan automáticamente desde el Backlog y la Configuración
B3: 🎯 Progreso del Sprint
B4: SP comprometidos | C4: ='📋 Sprint Backlog'!E16 -> 16 | D4: Total de SP del Sprint Backlog
B5: SP completados | C5: ='📋 Sprint Backlog'!F16 -> 16 | D5: SP en estado Done hasta hoy
B6: SP restantes | C6: ='📋 Sprint Backlog'!E16-'📋 Sprint Backlog'!F16 -> 0 | D6: SP que aún deben completarse
B7: % completado | C7: =IFERROR('📋 Sprint Backlog'!F16/'📋 Sprint Backlog'!E16,0) -> 1 | D7: Avance real del sprint
B8: Historias Done | C8: =COUNTIF('📋 Sprint Backlog'!G4:G15,"✅ Done") -> 5 | D8: Historias completadas
B9: Historias en progreso | C9: =COUNTIF('📋 Sprint Backlog'!G4:G15,"🔄 In Progress") -> 0 | D9: En desarrollo activo
B10: ⚡ Velocidad y Predicción
B11: Velocidad sprint actual (real) | C11: ='📋 Sprint Backlog'!F16 -> 16 | D11: SP completados en este sprint
B12: Velocidad sprint anterior | C12: ='⚙ Configuración'!C11 -> 0 | D12: SP completados en sprint previo
B13: Variación de velocidad | C13: ='📋 Sprint Backlog'!F16-'⚙ Configuración'!C11 -> 16 | D13: Positivo = mejora respecto al anterior
B14: SP/persona/sprint | C14: =IFERROR('📋 Sprint Backlog'!F16/'⚙ Configuración'!C12,0) -> 3.2 | D14: Productividad promedio del equipo
B15: SP/persona/sesión | C15: =IFERROR('📋 Sprint Backlog'!F16/('⚙ Configuración'!C12*'⚙ Configuración'!C9),0) -> 0.8 | D15: Ritmo por sesión del equipo
B16: 🏥 Salud del Sprint
B17: Sesiones transcurridas | C17: 0 | D17: Actualizar manualmente cada sesión
B18: Sesiones restantes | C18: ='⚙ Configuración'!C9-C17 -> 4 | D18: Sesiones hasta el Sprint Review
B19: SP/sesión requerido | C19: =IF(C18<=0,"Sprint terminado",('📋 Sprint Backlog'!E16-'📋 Sprint Backlog'!F16)/C18) -> 0 | D19: Ritmo necesario para completar el sprint
B20: SP/sesión logrado | C20: =IF(C17=0,0,'📋 Sprint Backlog'!F16/C17) -> 0 | D20: Ritmo real del equipo
B21: Índice de rendimiento (SPI) | C21: =IF(C17=0,1,C20/IFERROR(('⚙ Configuración'!C10/'⚙ Configuración'!C9),1)) -> 1 | D21: SPI >1 = adelantado | SPI <1 = atrasado
B22: Interpretación del SPI (Schedule Performance Index):
B23: SPI > 1.1 | C23: Equipo adelantado — considerar asumir trabajo extra (backlog stretch)
B24: SPI 0.9 – 1.1 | C24: Equipo dentro del ritmo esperado ✓
B25: SPI 0.7 – 0.9 | C25: Leve atraso — revisar impedimentos en la Daily
B26: SPI < 0.7 | C26: Atraso crítico — replanificar el sprint con el PO

Sheet 🔄 Retrospectiva
C1: 🔄 Retrospectiva del Sprint
C2: Retrospectiva del Sprint 1
C3: ✅ KEEP — Lo que funcionó bien
C4: • Todas las funciones solicitadas por las historias de usuario fueron hechas dentro del tiempo establecido
C5: • la division de historias de usuario para el sprint 1 resulto ser correcta y efectiva
C6: • ...
C8: ❌ DROP — Lo que hay que dejar de hacer
C9: • Una buena parte de la carga de trabajo se terminó desplazando hacia fechas criticas
C10: • no hubo una planificacion sobre como abordar la presentación del sprint 1
C11: • ...
C13: 🚀 TRY — Lo que queremos intentar
C14: • redistribuir de mejor manera los SPs de ls historias de usuario a lo largo del tiempo
... C18: 📌 Acciones Concretas para el Próximo Sprint
C19: Acción | D19: Responsable | E19: Fecha límite
C20: planificacion de presentacion final | D20: Product owner | E20: 46303
C21: Desarrollo de funcionalidades en base a historias de usuario | D21: desarrolladores | E21: 46303
C22: verificacion de "Done" para cada historia de usuario | D22: Scrap master | E22: 46303
C23: Contacto "entre modulos" para definir posibles convenciones u integraciones | D23: equipo completo | E23: 46291
